<?xml version="1.0" encoding="UTF-8"?>
<metadata>
  <groupId>com.liu.asmplugin</groupId>
  <artifactId>com.liu.asmplugin.gradle.plugin</artifactId>
  <versioning>
    <latest>1.0.0</latest>
    <release>1.0.0</release>
    <versions>
      <version>0.0.5</version>
      <version>0.0.6</version>
      <version>0.0.7</version>
      <version>0.0.8</version>
      <version>0.0.9</version>
      <version>1.0.0</version>
    </versions>
    <lastUpdated>20241226095356</lastUpdated>
  </versioning>
</metadata>
